id,internalId,name,displayName,width,height,type,category,metadataKeys
2,2,allay,Allay,0.35,0.6,mob,Passive mobs,"['shared_flags', 'air_supply', 'custom_name', 'custom_name_visible', 'silent', 'no_gravity', 'pose', 'ticks_frozen', 'living_entity_flags', 'health', 'effect_particles', 'effect_ambience', 'arrow_count', 'stinger_count', 'sleeping_pos', 'mob_flags', 'dancing', 'can_duplicate']"
4,4,armadillo,Armadillo,0.7,0.65,animal,Passive mobs,"['shared_flags', 'air_supply', 'custom_name', 'custom_name_visible', 'silent', 'no_gravity', 'pose', 'ticks_frozen', 'living_entity_flags', 'health', 'effect_particles', 'effect_ambience', 'arrow_count', 'stinger_count', 'sleeping_pos', 'mob_flags', 'baby', 'armadillo_state']"
7,7,axolotl,Axolotl,0.75,0.42,animal,Passive mobs,"['shared_flags', 'air_supply', 'custom_name', 'custom_name_visible', 'silent', 'no_gravity', 'pose', 'ticks_frozen', 'living_entity_flags', 'health', 'effect_particles', 'effect_ambience', 'arrow_count', 'stinger_count', 'sleeping_pos', 'mob_flags', 'baby', 'variant', 'playing_dead', 'from_bucket']"
10,10,bat,Bat,0.5,0.9,animal,Passive mobs,"['shared_flags', 'air_supply', 'custom_name', 'custom_name_visible', 'silent', 'no_gravity', 'pose', 'ticks_frozen', 'living_entity_flags', 'health', 'effect_particles', 'effect_ambience', 'arrow_count', 'stinger_count', 'sleeping_pos', 'mob_flags', 'flags']"
11,11,bee,Bee,0.7,0.6,animal,Passive mobs,"['shared_flags', 'air_supply', 'custom_name', 'custom_name_visible', 'silent', 'no_gravity', 'pose', 'ticks_frozen', 'living_entity_flags', 'health', 'effect_particles', 'effect_ambience', 'arrow_count', 'stinger_count', 'sleeping_pos', 'mob_flags', 'baby', 'flags', 'remaining_anger_time']"
14,14,blaze,Blaze,0.6,1.8,hostile,Hostile mobs,"['shared_flags', 'air_supply', 'custom_name', 'custom_name_visible', 'silent', 'no_gravity', 'pose', 'ticks_frozen', 'living_entity_flags', 'health', 'effect_particles', 'effect_ambience', 'arrow_count', 'stinger_count', 'sleeping_pos', 'mob_flags', 'flags']"
16,16,bogged,Bogged,0.6,1.99,hostile,Hostile mobs,"['shared_flags', 'air_supply', 'custom_name', 'custom_name_visible', 'silent', 'no_gravity', 'pose', 'ticks_frozen', 'living_entity_flags', 'health', 'effect_particles', 'effect_ambience', 'arrow_count', 'stinger_count', 'sleeping_pos', 'mob_flags', 'sheared']"
17,17,breeze,Breeze,0.6,1.77,hostile,Hostile mobs,"['shared_flags', 'air_supply', 'custom_name', 'custom_name_visible', 'silent', 'no_gravity', 'pose', 'ticks_frozen', 'living_entity_flags', 'health', 'effect_particles', 'effect_ambience', 'arrow_count', 'stinger_count', 'sleeping_pos', 'mob_flags']"
19,19,camel,Camel,1.7,2.375,animal,Passive mobs,"['shared_flags', 'air_supply', 'custom_name', 'custom_name_visible', 'silent', 'no_gravity', 'pose', 'ticks_frozen', 'living_entity_flags', 'health', 'effect_particles', 'effect_ambience', 'arrow_count', 'stinger_count', 'sleeping_pos', 'mob_flags', 'baby', 'flags', 'dash', 'last_pose_change_tick']"
20,20,cat,Cat,0.6,0.7,animal,Passive mobs,"['shared_flags', 'air_supply', 'custom_name', 'custom_name_visible', 'silent', 'no_gravity', 'pose', 'ticks_frozen', 'living_entity_flags', 'health', 'effect_particles', 'effect_ambience', 'arrow_count', 'stinger_count', 'sleeping_pos', 'mob_flags', 'baby', 'flags', 'owneruuid', 'variant', 'is_lying', 'relax_state_one', 'collar_color']"
21,21,cave_spider,Cave Spider,0.7,0.5,hostile,Hostile mobs,"['shared_flags', 'air_supply', 'custom_name', 'custom_name_visible', 'silent', 'no_gravity', 'pose', 'ticks_frozen', 'living_entity_flags', 'health', 'effect_particles', 'effect_ambience', 'arrow_count', 'stinger_count', 'sleeping_pos', 'mob_flags', 'flags']"
25,25,chicken,Chicken,0.4,0.7,animal,Passive mobs,"['shared_flags', 'air_supply', 'custom_name', 'custom_name_visible', 'silent', 'no_gravity', 'pose', 'ticks_frozen', 'living_entity_flags', 'health', 'effect_particles', 'effect_ambience', 'arrow_count', 'stinger_count', 'sleeping_pos', 'mob_flags', 'baby', 'variant']"
26,26,cod,Cod,0.5,0.3,water_creature,Passive mobs,"['shared_flags', 'air_supply', 'custom_name', 'custom_name_visible', 'silent', 'no_gravity', 'pose', 'ticks_frozen', 'living_entity_flags', 'health', 'effect_particles', 'effect_ambience', 'arrow_count', 'stinger_count', 'sleeping_pos', 'mob_flags', 'from_bucket']"
28,28,cow,Cow,0.9,1.4,animal,Passive mobs,"['shared_flags', 'air_supply', 'custom_name', 'custom_name_visible', 'silent', 'no_gravity', 'pose', 'ticks_frozen', 'living_entity_flags', 'health', 'effect_particles', 'effect_ambience', 'arrow_count', 'stinger_count', 'sleeping_pos', 'mob_flags', 'baby', 'variant']"
29,29,creaking,Creaking,0.9,2.7,hostile,Hostile mobs,"['shared_flags', 'air_supply', 'custom_name', 'custom_name_visible', 'silent', 'no_gravity', 'pose', 'ticks_frozen', 'living_entity_flags', 'health', 'effect_particles', 'effect_ambience', 'arrow_count', 'stinger_count', 'sleeping_pos', 'mob_flags', 'can_move', 'is_active', 'is_tearing_down', 'home_pos']"
30,30,creeper,Creeper,0.6,1.7,hostile,Hostile mobs,"['shared_flags', 'air_supply', 'custom_name', 'custom_name_visible', 'silent', 'no_gravity', 'pose', 'ticks_frozen', 'living_entity_flags', 'health', 'effect_particles', 'effect_ambience', 'arrow_count', 'stinger_count', 'sleeping_pos', 'mob_flags', 'swell_dir', 'is_powered', 'is_ignited']"
33,33,dolphin,Dolphin,0.9,0.6,passive,Passive mobs,"['shared_flags', 'air_supply', 'custom_name', 'custom_name_visible', 'silent', 'no_gravity', 'pose', 'ticks_frozen', 'living_entity_flags', 'health', 'effect_particles', 'effect_ambience', 'arrow_count', 'stinger_count', 'sleeping_pos', 'mob_flags', 'baby', 'got_fish', 'moistness_level']"
34,34,donkey,Donkey,1.3964844,1.5,animal,Passive mobs,"['shared_flags', 'air_supply', 'custom_name', 'custom_name_visible', 'silent', 'no_gravity', 'pose', 'ticks_frozen', 'living_entity_flags', 'health', 'effect_particles', 'effect_ambience', 'arrow_count', 'stinger_count', 'sleeping_pos', 'mob_flags', 'baby', 'flags', 'chest']"
36,36,drowned,Drowned,0.6,1.95,hostile,Hostile mobs,"['shared_flags', 'air_supply', 'custom_name', 'custom_name_visible', 'silent', 'no_gravity', 'pose', 'ticks_frozen', 'living_entity_flags', 'health', 'effect_particles', 'effect_ambience', 'arrow_count', 'stinger_count', 'sleeping_pos', 'mob_flags', 'baby', 'special_type', 'drowned_conversion']"
38,38,elder_guardian,Elder Guardian,1.9975,1.9975,hostile,Hostile mobs,"['shared_flags', 'air_supply', 'custom_name', 'custom_name_visible', 'silent', 'no_gravity', 'pose', 'ticks_frozen', 'living_entity_flags', 'health', 'effect_particles', 'effect_ambience', 'arrow_count', 'stinger_count', 'sleeping_pos', 'mob_flags', 'moving', 'attack_target']"
39,39,enderman,Enderman,0.6,2.9,hostile,Hostile mobs,"['shared_flags', 'air_supply', 'custom_name', 'custom_name_visible', 'silent', 'no_gravity', 'pose', 'ticks_frozen', 'living_entity_flags', 'health', 'effect_particles', 'effect_ambience', 'arrow_count', 'stinger_count', 'sleeping_pos', 'mob_flags', 'carry_state', 'creepy', 'stared_at']"
40,40,endermite,Endermite,0.4,0.3,hostile,Hostile mobs,"['shared_flags', 'air_supply', 'custom_name', 'custom_name_visible', 'silent', 'no_gravity', 'pose', 'ticks_frozen', 'living_entity_flags', 'health', 'effect_particles', 'effect_ambience', 'arrow_count', 'stinger_count', 'sleeping_pos', 'mob_flags']"
41,41,ender_dragon,Ender Dragon,16,8,mob,Hostile mobs,"['shared_flags', 'air_supply', 'custom_name', 'custom_name_visible', 'silent', 'no_gravity', 'pose', 'ticks_frozen', 'living_entity_flags', 'health', 'effect_particles', 'effect_ambience', 'arrow_count', 'stinger_count', 'sleeping_pos', 'mob_flags', 'phase']"
44,44,evoker,Evoker,0.6,1.95,hostile,Hostile mobs,"['shared_flags', 'air_supply', 'custom_name', 'custom_name_visible', 'silent', 'no_gravity', 'pose', 'ticks_frozen', 'living_entity_flags', 'health', 'effect_particles', 'effect_ambience', 'arrow_count', 'stinger_count', 'sleeping_pos', 'mob_flags', 'is_celebrating', 'spell_casting']"
52,52,fox,Fox,0.6,0.7,animal,Passive mobs,"['shared_flags', 'air_supply', 'custom_name', 'custom_name_visible', 'silent', 'no_gravity', 'pose', 'ticks_frozen', 'living_entity_flags', 'health', 'effect_particles', 'effect_ambience', 'arrow_count', 'stinger_count', 'sleeping_pos', 'mob_flags', 'baby', 'type', 'flags', 'trusted_0', 'trusted_1']"
53,53,frog,Frog,0.5,0.5,animal,Passive mobs,"['shared_flags', 'air_supply', 'custom_name', 'custom_name_visible', 'silent', 'no_gravity', 'pose', 'ticks_frozen', 'living_entity_flags', 'health', 'effect_particles', 'effect_ambience', 'arrow_count', 'stinger_count', 'sleeping_pos', 'mob_flags', 'baby', 'variant', 'tongue_target']"
55,55,ghast,Ghast,4,4,mob,Hostile mobs,"['shared_flags', 'air_supply', 'custom_name', 'custom_name_visible', 'silent', 'no_gravity', 'pose', 'ticks_frozen', 'living_entity_flags', 'health', 'effect_particles', 'effect_ambience', 'arrow_count', 'stinger_count', 'sleeping_pos', 'mob_flags', 'is_charging']"
56,56,happy_ghast,Happy Ghast,4,4,animal,Passive mobs,"['shared_flags', 'air_supply', 'custom_name', 'custom_name_visible', 'silent', 'no_gravity', 'pose', 'ticks_frozen', 'living_entity_flags', 'health', 'effect_particles', 'effect_ambience', 'arrow_count', 'stinger_count', 'sleeping_pos', 'mob_flags', 'baby', 'is_leash_holder', 'stays_still']"
57,57,giant,Giant,3.6,12,hostile,Hostile mobs,"['shared_flags', 'air_supply', 'custom_name', 'custom_name_visible', 'silent', 'no_gravity', 'pose', 'ticks_frozen', 'living_entity_flags', 'health', 'effect_particles', 'effect_ambience', 'arrow_count', 'stinger_count', 'sleeping_pos', 'mob_flags']"
59,59,glow_squid,Glow Squid,0.8,0.8,passive,Passive mobs,"['shared_flags', 'air_supply', 'custom_name', 'custom_name_visible', 'silent', 'no_gravity', 'pose', 'ticks_frozen', 'living_entity_flags', 'health', 'effect_particles', 'effect_ambience', 'arrow_count', 'stinger_count', 'sleeping_pos', 'mob_flags', 'baby', 'dark_ticks_remaining']"
60,60,goat,Goat,0.9,1.3,animal,Passive mobs,"['shared_flags', 'air_supply', 'custom_name', 'custom_name_visible', 'silent', 'no_gravity', 'pose', 'ticks_frozen', 'living_entity_flags', 'health', 'effect_particles', 'effect_ambience', 'arrow_count', 'stinger_count', 'sleeping_pos', 'mob_flags', 'baby', 'is_screaming_goat', 'has_left_horn', 'has_right_horn']"
61,61,guardian,Guardian,0.85,0.85,hostile,Hostile mobs,"['shared_flags', 'air_supply', 'custom_name', 'custom_name_visible', 'silent', 'no_gravity', 'pose', 'ticks_frozen', 'living_entity_flags', 'health', 'effect_particles', 'effect_ambience', 'arrow_count', 'stinger_count', 'sleeping_pos', 'mob_flags', 'moving', 'attack_target']"
62,62,hoglin,Hoglin,1.3964844,1.4,animal,Hostile mobs,"['shared_flags', 'air_supply', 'custom_name', 'custom_name_visible', 'silent', 'no_gravity', 'pose', 'ticks_frozen', 'living_entity_flags', 'health', 'effect_particles', 'effect_ambience', 'arrow_count', 'stinger_count', 'sleeping_pos', 'mob_flags', 'baby', 'immune_to_zombification']"
64,64,horse,Horse,1.3964844,1.6,animal,Passive mobs,"['shared_flags', 'air_supply', 'custom_name', 'custom_name_visible', 'silent', 'no_gravity', 'pose', 'ticks_frozen', 'living_entity_flags', 'health', 'effect_particles', 'effect_ambience', 'arrow_count', 'stinger_count', 'sleeping_pos', 'mob_flags', 'baby', 'flags', 'type_variant']"
65,65,husk,Husk,0.6,1.95,hostile,Hostile mobs,"['shared_flags', 'air_supply', 'custom_name', 'custom_name_visible', 'silent', 'no_gravity', 'pose', 'ticks_frozen', 'living_entity_flags', 'health', 'effect_particles', 'effect_ambience', 'arrow_count', 'stinger_count', 'sleeping_pos', 'mob_flags', 'baby', 'special_type', 'drowned_conversion']"
66,66,illusioner,Illusioner,0.6,1.95,hostile,Hostile mobs,"['shared_flags', 'air_supply', 'custom_name', 'custom_name_visible', 'silent', 'no_gravity', 'pose', 'ticks_frozen', 'living_entity_flags', 'health', 'effect_particles', 'effect_ambience', 'arrow_count', 'stinger_count', 'sleeping_pos', 'mob_flags', 'is_celebrating', 'spell_casting']"
68,68,iron_golem,Iron Golem,1.4,2.7,mob,Passive mobs,"['shared_flags', 'air_supply', 'custom_name', 'custom_name_visible', 'silent', 'no_gravity', 'pose', 'ticks_frozen', 'living_entity_flags', 'health', 'effect_particles', 'effect_ambience', 'arrow_count', 'stinger_count', 'sleeping_pos', 'mob_flags', 'flags']"
76,76,llama,Llama,0.9,1.87,animal,Passive mobs,"['shared_flags', 'air_supply', 'custom_name', 'custom_name_visible', 'silent', 'no_gravity', 'pose', 'ticks_frozen', 'living_entity_flags', 'health', 'effect_particles', 'effect_ambience', 'arrow_count', 'stinger_count', 'sleeping_pos', 'mob_flags', 'baby', 'flags', 'chest', 'strength', 'variant']"
78,78,magma_cube,Magma Cube,0.52,0.52,mob,Hostile mobs,"['shared_flags', 'air_supply', 'custom_name', 'custom_name_visible', 'silent', 'no_gravity', 'pose', 'ticks_frozen', 'living_entity_flags', 'health', 'effect_particles', 'effect_ambience', 'arrow_count', 'stinger_count', 'sleeping_pos', 'mob_flags', 'size']"
83,83,mooshroom,Mooshroom,0.9,1.4,animal,Passive mobs,"['shared_flags', 'air_supply', 'custom_name', 'custom_name_visible', 'silent', 'no_gravity', 'pose', 'ticks_frozen', 'living_entity_flags', 'health', 'effect_particles', 'effect_ambience', 'arrow_count', 'stinger_count', 'sleeping_pos', 'mob_flags', 'baby', 'type']"
84,84,mule,Mule,1.3964844,1.6,animal,Passive mobs,"['shared_flags', 'air_supply', 'custom_name', 'custom_name_visible', 'silent', 'no_gravity', 'pose', 'ticks_frozen', 'living_entity_flags', 'health', 'effect_particles', 'effect_ambience', 'arrow_count', 'stinger_count', 'sleeping_pos', 'mob_flags', 'baby', 'flags', 'chest']"
87,87,ocelot,Ocelot,0.6,0.7,animal,Passive mobs,"['shared_flags', 'air_supply', 'custom_name', 'custom_name_visible', 'silent', 'no_gravity', 'pose', 'ticks_frozen', 'living_entity_flags', 'health', 'effect_particles', 'effect_ambience', 'arrow_count', 'stinger_count', 'sleeping_pos', 'mob_flags', 'baby', 'trusting']"
92,92,panda,Panda,1.3,1.25,animal,Passive mobs,"['shared_flags', 'air_supply', 'custom_name', 'custom_name_visible', 'silent', 'no_gravity', 'pose', 'ticks_frozen', 'living_entity_flags', 'health', 'effect_particles', 'effect_ambience', 'arrow_count', 'stinger_count', 'sleeping_pos', 'mob_flags', 'baby', 'unhappy_counter', 'sneeze_counter', 'eat_counter', 'main_gene', 'hidden_gene', 'flags']"
93,93,parrot,Parrot,0.5,0.9,animal,Passive mobs,"['shared_flags', 'air_supply', 'custom_name', 'custom_name_visible', 'silent', 'no_gravity', 'pose', 'ticks_frozen', 'living_entity_flags', 'health', 'effect_particles', 'effect_ambience', 'arrow_count', 'stinger_count', 'sleeping_pos', 'mob_flags', 'baby', 'flags', 'owneruuid', 'variant']"
94,94,phantom,Phantom,0.9,0.5,mob,Hostile mobs,"['shared_flags', 'air_supply', 'custom_name', 'custom_name_visible', 'silent', 'no_gravity', 'pose', 'ticks_frozen', 'living_entity_flags', 'health', 'effect_particles', 'effect_ambience', 'arrow_count', 'stinger_count', 'sleeping_pos', 'mob_flags', 'size']"
95,95,pig,Pig,0.9,0.9,animal,Passive mobs,"['shared_flags', 'air_supply', 'custom_name', 'custom_name_visible', 'silent', 'no_gravity', 'pose', 'ticks_frozen', 'living_entity_flags', 'health', 'effect_particles', 'effect_ambience', 'arrow_count', 'stinger_count', 'sleeping_pos', 'mob_flags', 'baby', 'boost_time', 'variant']"
96,96,piglin,Piglin,0.6,1.95,hostile,Hostile mobs,"['shared_flags', 'air_supply', 'custom_name', 'custom_name_visible', 'silent', 'no_gravity', 'pose', 'ticks_frozen', 'living_entity_flags', 'health', 'effect_particles', 'effect_ambience', 'arrow_count', 'stinger_count', 'sleeping_pos', 'mob_flags', 'immune_to_zombification', 'baby', 'is_charging_crossbow', 'is_dancing']"
97,97,piglin_brute,Piglin Brute,0.6,1.95,hostile,Hostile mobs,"['shared_flags', 'air_supply', 'custom_name', 'custom_name_visible', 'silent', 'no_gravity', 'pose', 'ticks_frozen', 'living_entity_flags', 'health', 'effect_particles', 'effect_ambience', 'arrow_count', 'stinger_count', 'sleeping_pos', 'mob_flags', 'immune_to_zombification']"
98,98,pillager,Pillager,0.6,1.95,hostile,Hostile mobs,"['shared_flags', 'air_supply', 'custom_name', 'custom_name_visible', 'silent', 'no_gravity', 'pose', 'ticks_frozen', 'living_entity_flags', 'health', 'effect_particles', 'effect_ambience', 'arrow_count', 'stinger_count', 'sleeping_pos', 'mob_flags', 'is_celebrating', 'is_charging_crossbow']"
99,99,polar_bear,Polar Bear,1.4,1.4,animal,Passive mobs,"['shared_flags', 'air_supply', 'custom_name', 'custom_name_visible', 'silent', 'no_gravity', 'pose', 'ticks_frozen', 'living_entity_flags', 'health', 'effect_particles', 'effect_ambience', 'arrow_count', 'stinger_count', 'sleeping_pos', 'mob_flags', 'baby', 'standing']"
102,102,pufferfish,Pufferfish,0.7,0.7,water_creature,Passive mobs,"['shared_flags', 'air_supply', 'custom_name', 'custom_name_visible', 'silent', 'no_gravity', 'pose', 'ticks_frozen', 'living_entity_flags', 'health', 'effect_particles', 'effect_ambience', 'arrow_count', 'stinger_count', 'sleeping_pos', 'mob_flags', 'from_bucket', 'puff_state']"
103,103,rabbit,Rabbit,0.4,0.5,animal,Passive mobs,"['shared_flags', 'air_supply', 'custom_name', 'custom_name_visible', 'silent', 'no_gravity', 'pose', 'ticks_frozen', 'living_entity_flags', 'health', 'effect_particles', 'effect_ambience', 'arrow_count', 'stinger_count', 'sleeping_pos', 'mob_flags', 'baby', 'type']"
104,104,ravager,Ravager,1.95,2.2,hostile,Hostile mobs,"['shared_flags', 'air_supply', 'custom_name', 'custom_name_visible', 'silent', 'no_gravity', 'pose', 'ticks_frozen', 'living_entity_flags', 'health', 'effect_particles', 'effect_ambience', 'arrow_count', 'stinger_count', 'sleeping_pos', 'mob_flags', 'is_celebrating']"
105,105,salmon,Salmon,0.7,0.4,water_creature,Passive mobs,"['shared_flags', 'air_supply', 'custom_name', 'custom_name_visible', 'silent', 'no_gravity', 'pose', 'ticks_frozen', 'living_entity_flags', 'health', 'effect_particles', 'effect_ambience', 'arrow_count', 'stinger_count', 'sleeping_pos', 'mob_flags', 'from_bucket', 'type']"
106,106,sheep,Sheep,0.9,1.3,animal,Passive mobs,"['shared_flags', 'air_supply', 'custom_name', 'custom_name_visible', 'silent', 'no_gravity', 'pose', 'ticks_frozen', 'living_entity_flags', 'health', 'effect_particles', 'effect_ambience', 'arrow_count', 'stinger_count', 'sleeping_pos', 'mob_flags', 'baby', 'wool']"
107,107,shulker,Shulker,1,1,mob,Hostile mobs,"['shared_flags', 'air_supply', 'custom_name', 'custom_name_visible', 'silent', 'no_gravity', 'pose', 'ticks_frozen', 'living_entity_flags', 'health', 'effect_particles', 'effect_ambience', 'arrow_count', 'stinger_count', 'sleeping_pos', 'mob_flags', 'attach_face', 'peek', 'color']"
109,109,silverfish,Silverfish,0.4,0.3,hostile,Hostile mobs,"['shared_flags', 'air_supply', 'custom_name', 'custom_name_visible', 'silent', 'no_gravity', 'pose', 'ticks_frozen', 'living_entity_flags', 'health', 'effect_particles', 'effect_ambience', 'arrow_count', 'stinger_count', 'sleeping_pos', 'mob_flags']"
110,110,skeleton,Skeleton,0.6,1.99,hostile,Hostile mobs,"['shared_flags', 'air_supply', 'custom_name', 'custom_name_visible', 'silent', 'no_gravity', 'pose', 'ticks_frozen', 'living_entity_flags', 'health', 'effect_particles', 'effect_ambience', 'arrow_count', 'stinger_count', 'sleeping_pos', 'mob_flags', 'stray_conversion']"
111,111,skeleton_horse,Skeleton Horse,1.3964844,1.6,animal,Passive mobs,"['shared_flags', 'air_supply', 'custom_name', 'custom_name_visible', 'silent', 'no_gravity', 'pose', 'ticks_frozen', 'living_entity_flags', 'health', 'effect_particles', 'effect_ambience', 'arrow_count', 'stinger_count', 'sleeping_pos', 'mob_flags', 'baby', 'flags']"
112,112,slime,Slime,0.52,0.52,mob,Hostile mobs,"['shared_flags', 'air_supply', 'custom_name', 'custom_name_visible', 'silent', 'no_gravity', 'pose', 'ticks_frozen', 'living_entity_flags', 'health', 'effect_particles', 'effect_ambience', 'arrow_count', 'stinger_count', 'sleeping_pos', 'mob_flags', 'size']"
114,114,sniffer,Sniffer,1.9,1.75,animal,Passive mobs,"['shared_flags', 'air_supply', 'custom_name', 'custom_name_visible', 'silent', 'no_gravity', 'pose', 'ticks_frozen', 'living_entity_flags', 'health', 'effect_particles', 'effect_ambience', 'arrow_count', 'stinger_count', 'sleeping_pos', 'mob_flags', 'baby', 'state', 'drop_seed_at_tick']"
116,116,snow_golem,Snow Golem,0.7,1.9,mob,Passive mobs,"['shared_flags', 'air_supply', 'custom_name', 'custom_name_visible', 'silent', 'no_gravity', 'pose', 'ticks_frozen', 'living_entity_flags', 'health', 'effect_particles', 'effect_ambience', 'arrow_count', 'stinger_count', 'sleeping_pos', 'mob_flags', 'pumpkin']"
119,119,spider,Spider,1.4,0.9,hostile,Hostile mobs,"['shared_flags', 'air_supply', 'custom_name', 'custom_name_visible', 'silent', 'no_gravity', 'pose', 'ticks_frozen', 'living_entity_flags', 'health', 'effect_particles', 'effect_ambience', 'arrow_count', 'stinger_count', 'sleeping_pos', 'mob_flags', 'flags']"
122,122,squid,Squid,0.8,0.8,passive,Passive mobs,"['shared_flags', 'air_supply', 'custom_name', 'custom_name_visible', 'silent', 'no_gravity', 'pose', 'ticks_frozen', 'living_entity_flags', 'health', 'effect_particles', 'effect_ambience', 'arrow_count', 'stinger_count', 'sleeping_pos', 'mob_flags', 'baby']"
123,123,stray,Stray,0.6,1.99,hostile,Hostile mobs,"['shared_flags', 'air_supply', 'custom_name', 'custom_name_visible', 'silent', 'no_gravity', 'pose', 'ticks_frozen', 'living_entity_flags', 'health', 'effect_particles', 'effect_ambience', 'arrow_count', 'stinger_count', 'sleeping_pos', 'mob_flags']"
124,124,strider,Strider,0.9,1.7,animal,Hostile mobs,"['shared_flags', 'air_supply', 'custom_name', 'custom_name_visible', 'silent', 'no_gravity', 'pose', 'ticks_frozen', 'living_entity_flags', 'health', 'effect_particles', 'effect_ambience', 'arrow_count', 'stinger_count', 'sleeping_pos', 'mob_flags', 'baby', 'boost_time', 'suffocating']"
125,125,tadpole,Tadpole,0.4,0.3,water_creature,Passive mobs,"['shared_flags', 'air_supply', 'custom_name', 'custom_name_visible', 'silent', 'no_gravity', 'pose', 'ticks_frozen', 'living_entity_flags', 'health', 'effect_particles', 'effect_ambience', 'arrow_count', 'stinger_count', 'sleeping_pos', 'mob_flags', 'from_bucket']"
129,129,trader_llama,Trader Llama,0.9,1.87,animal,Passive mobs,"['shared_flags', 'air_supply', 'custom_name', 'custom_name_visible', 'silent', 'no_gravity', 'pose', 'ticks_frozen', 'living_entity_flags', 'health', 'effect_particles', 'effect_ambience', 'arrow_count', 'stinger_count', 'sleeping_pos', 'mob_flags', 'baby', 'flags', 'chest', 'strength', 'variant']"
131,131,tropical_fish,Tropical Fish,0.5,0.4,water_creature,Passive mobs,"['shared_flags', 'air_supply', 'custom_name', 'custom_name_visible', 'silent', 'no_gravity', 'pose', 'ticks_frozen', 'living_entity_flags', 'health', 'effect_particles', 'effect_ambience', 'arrow_count', 'stinger_count', 'sleeping_pos', 'mob_flags', 'from_bucket', 'type_variant']"
132,132,turtle,Turtle,1.2,0.4,animal,Passive mobs,"['shared_flags', 'air_supply', 'custom_name', 'custom_name_visible', 'silent', 'no_gravity', 'pose', 'ticks_frozen', 'living_entity_flags', 'health', 'effect_particles', 'effect_ambience', 'arrow_count', 'stinger_count', 'sleeping_pos', 'mob_flags', 'baby', 'has_egg', 'laying_egg']"
133,133,vex,Vex,0.4,0.8,hostile,Hostile mobs,"['shared_flags', 'air_supply', 'custom_name', 'custom_name_visible', 'silent', 'no_gravity', 'pose', 'ticks_frozen', 'living_entity_flags', 'health', 'effect_particles', 'effect_ambience', 'arrow_count', 'stinger_count', 'sleeping_pos', 'mob_flags', 'flags']"
134,134,villager,Villager,0.6,1.95,passive,Passive mobs,"['shared_flags', 'air_supply', 'custom_name', 'custom_name_visible', 'silent', 'no_gravity', 'pose', 'ticks_frozen', 'living_entity_flags', 'health', 'effect_particles', 'effect_ambience', 'arrow_count', 'stinger_count', 'sleeping_pos', 'mob_flags', 'baby', 'unhappy_counter', 'villager_data']"
135,135,vindicator,Vindicator,0.6,1.95,hostile,Hostile mobs,"['shared_flags', 'air_supply', 'custom_name', 'custom_name_visible', 'silent', 'no_gravity', 'pose', 'ticks_frozen', 'living_entity_flags', 'health', 'effect_particles', 'effect_ambience', 'arrow_count', 'stinger_count', 'sleeping_pos', 'mob_flags', 'is_celebrating']"
136,136,wandering_trader,Wandering Trader,0.6,1.95,passive,Passive mobs,"['shared_flags', 'air_supply', 'custom_name', 'custom_name_visible', 'silent', 'no_gravity', 'pose', 'ticks_frozen', 'living_entity_flags', 'health', 'effect_particles', 'effect_ambience', 'arrow_count', 'stinger_count', 'sleeping_pos', 'mob_flags', 'baby', 'unhappy_counter']"
137,137,warden,Warden,0.9,2.9,hostile,Hostile mobs,"['shared_flags', 'air_supply', 'custom_name', 'custom_name_visible', 'silent', 'no_gravity', 'pose', 'ticks_frozen', 'living_entity_flags', 'health', 'effect_particles', 'effect_ambience', 'arrow_count', 'stinger_count', 'sleeping_pos', 'mob_flags', 'client_anger_level']"
139,139,witch,Witch,0.6,1.95,hostile,Hostile mobs,"['shared_flags', 'air_supply', 'custom_name', 'custom_name_visible', 'silent', 'no_gravity', 'pose', 'ticks_frozen', 'living_entity_flags', 'health', 'effect_particles', 'effect_ambience', 'arrow_count', 'stinger_count', 'sleeping_pos', 'mob_flags', 'is_celebrating', 'using_item']"
140,140,wither,Wither,0.9,3.5,hostile,Hostile mobs,"['shared_flags', 'air_supply', 'custom_name', 'custom_name_visible', 'silent', 'no_gravity', 'pose', 'ticks_frozen', 'living_entity_flags', 'health', 'effect_particles', 'effect_ambience', 'arrow_count', 'stinger_count', 'sleeping_pos', 'mob_flags', 'target_a', 'target_b', 'target_c', 'inv']"
141,141,wither_skeleton,Wither Skeleton,0.7,2.4,hostile,Hostile mobs,"['shared_flags', 'air_supply', 'custom_name', 'custom_name_visible', 'silent', 'no_gravity', 'pose', 'ticks_frozen', 'living_entity_flags', 'health', 'effect_particles', 'effect_ambience', 'arrow_count', 'stinger_count', 'sleeping_pos', 'mob_flags']"
143,143,wolf,Wolf,0.6,0.85,animal,Passive mobs,"['shared_flags', 'air_supply', 'custom_name', 'custom_name_visible', 'silent', 'no_gravity', 'pose', 'ticks_frozen', 'living_entity_flags', 'health', 'effect_particles', 'effect_ambience', 'arrow_count', 'stinger_count', 'sleeping_pos', 'mob_flags', 'baby', 'flags', 'owneruuid', 'interested', 'collar_color', 'remaining_anger_time', 'variant', 'sound_variant']"
144,144,zoglin,Zoglin,1.3964844,1.4,hostile,Hostile mobs,"['shared_flags', 'air_supply', 'custom_name', 'custom_name_visible', 'silent', 'no_gravity', 'pose', 'ticks_frozen', 'living_entity_flags', 'health', 'effect_particles', 'effect_ambience', 'arrow_count', 'stinger_count', 'sleeping_pos', 'mob_flags', 'baby']"
145,145,zombie,Zombie,0.6,1.95,hostile,Hostile mobs,"['shared_flags', 'air_supply', 'custom_name', 'custom_name_visible', 'silent', 'no_gravity', 'pose', 'ticks_frozen', 'living_entity_flags', 'health', 'effect_particles', 'effect_ambience', 'arrow_count', 'stinger_count', 'sleeping_pos', 'mob_flags', 'baby', 'special_type', 'drowned_conversion']"
146,146,zombie_horse,Zombie Horse,1.3964844,1.6,animal,Passive mobs,"['shared_flags', 'air_supply', 'custom_name', 'custom_name_visible', 'silent', 'no_gravity', 'pose', 'ticks_frozen', 'living_entity_flags', 'health', 'effect_particles', 'effect_ambience', 'arrow_count', 'stinger_count', 'sleeping_pos', 'mob_flags', 'baby', 'flags']"
147,147,zombie_villager,Zombie Villager,0.6,1.95,hostile,Hostile mobs,"['shared_flags', 'air_supply', 'custom_name', 'custom_name_visible', 'silent', 'no_gravity', 'pose', 'ticks_frozen', 'living_entity_flags', 'health', 'effect_particles', 'effect_ambience', 'arrow_count', 'stinger_count', 'sleeping_pos', 'mob_flags', 'baby', 'special_type', 'drowned_conversion', 'converting', 'villager_data']"
148,148,zombified_piglin,Zombified Piglin,0.6,1.95,hostile,Hostile mobs,"['shared_flags', 'air_supply', 'custom_name', 'custom_name_visible', 'silent', 'no_gravity', 'pose', 'ticks_frozen', 'living_entity_flags', 'health', 'effect_particles', 'effect_ambience', 'arrow_count', 'stinger_count', 'sleeping_pos', 'mob_flags', 'baby', 'special_type', 'drowned_conversion']"
